{
  "top4Videos": [
    {
      "videoURL": "1",
      "videoComments": [
        {
          "name": "Ram",
          "timestamp": "01-02-2017",
          "comment": "Really nice Tutorials for AngularJS beginners and intermediates. I learned a lot from this tutorials. I developed a similar kind of puzzle application",
          "userPhotoUrl":"user.png"
        },
        {
          "name": "Chutki",
          "timestamp": "21-02-2017",
          "comment": "I learned how to divice a big application into small parts and building one by one those small tasks. He finally build such a huge application using this nice trick. ",
          "userPhotoUrl":"chutki.png"
        },
        {
          "name": "Admin",
          "timestamp": "02-02-2016",
          "comment": "Pretty good to learn how to implement AngularJS Puzzles, I learned how to create awesome quiz in AngularJS and to deploy in various handheld devices like iPhone, iPad, Android phones, etc. I recommend others to use these tutorials.",
          "userPhotoUrl":"admin.png"
        },
        {
          "name": "User",
          "timestamp": "01-02-2007",
          "comment": "Truly nice Tutorials for AngularJS beginners and experts. Very nicely explained all the concepts.",
          "userPhotoUrl":"user.png"
        },
        {
          "name": "Bhim",
          "timestamp": "22-10-2014",
          "comment": "Truly nice Tutorials for AngularJS beginners and experts. Very nicely explained all the concepts.",
          "userPhotoUrl":"bhim.png"
        }
      ]
    },
    {
      "videoURL": "2",
      "videoComments": [
        {
          "name": "Dholu",
          "timestamp": "01-02-2017",
          "comment": "Really nice Tutorials for AngularJS beginners and intermediates",
          "userPhotoUrl":"dholu.png"
        },
        {
          "name": "Chutki",
          "timestamp": "21-02-2017",
          "comment": "I learned how to divice a big application into small parts and building one by one those small tasks. He finally build such a huge application using this nice trick. ",
          "userPhotoUrl":"chutki.png"
        },
        {
          "name": "Admin",
          "timestamp": "02-02-2016",
          "comment": "Pretty good to learn how to implement AngularJS Puzzles, I learned how to create awesome quiz in AngularJS and to deploy in various handheld devices like iPhone, iPad, Android phones, etc. I recommend others to use these tutorials.",
          "userPhotoUrl":"admin.png"
        },
        {
          "name": "Bholu",
          "timestamp": "01-02-2017",
          "comment": "Truly nice Tutorials for AngularJS beginners and experts. Very nicely explained all the concepts.",
          "userPhotoUrl":"bholu.png"
        },
        {
          "name": "Bhim",
          "timestamp": "22-10-2014",
          "comment": "Truly nice Tutorials for AngularJS beginners and experts. Very nicely explained all the concepts.",
          "userPhotoUrl":"bhim.png"
        }
      ]
    },
    {
      "videoURL": "3",
      "videoComments": [
        {
          "name": "Chutki",
          "timestamp": "01-02-2017",
          "comment": "Really nice Tutorials for AngularJS beginners and intermediates",
          "userPhotoUrl":"user.png"
        },
        {
          "name": "Chutki",
          "timestamp": "21-02-2017",
          "comment": "I learned how to divice a big application into small parts and building one by one those small tasks. He finally build such a huge application using this nice trick. ",
          "userPhotoUrl":"chutki.png"

        },
        {
          "name": "Admin",
          "timestamp": "02-02-2016",
          "comment": "Pretty good to learn how to implement AngularJS Puzzles, I learned how to create awesome quiz in AngularJS and to deploy in various handheld devices like iPhone, iPad, Android phones, etc. I recommend others to use these tutorials.",
          "userPhotoUrl":"admin.png"
        },
        {
          "name": "User",
          "timestamp": "01-02-2017",
          "comment": "Truly nice Tutorials for AngularJS beginners and experts. Very nicely explained all the concepts.",
          "userPhotoUrl":"user.png"
        },
        {
          "name": "Bhim",
          "timestamp": "22-10-2014",
          "comment": "Truly nice Tutorials for AngularJS beginners and experts. Very nicely explained all the concepts.",
          "userPhotoUrl":"bhim.png"

        }
      ]
    },
    {
      "videoURL": "4",
      "videoComments": [
        {
          "name": "Mottu",
          "timestamp": "01-02-2017",
          "comment": "Really nice Tutorials for AngularJS beginners and intermediates",
          "userPhotoUrl":"admin.png"
        },
        {
          "name": "Chutki",
          "timestamp": "21-02-2017",
          "comment": "I learned how to divice a big application into small parts and building one by one those small tasks. He finally build such a huge application using this nice trick. ",
          "userPhotoUrl":"chutki.png"
        },
        {
          "name": "Admin",
          "timestamp": "02-02-2016",
          "comment": "Pretty good to learn how to implement AngularJS Puzzles, I learned how to create awesome quiz in AngularJS and to deploy in various handheld devices like iPhone, iPad, Android phones, etc. I recommend others to use these tutorials.",
          "userPhotoUrl":"user.png"
        },
        {
          "name": "Pattlu",
          "timestamp": "01-02-2017",
          "comment": "Truly nice Tutorials for AngularJS beginners and experts. Very nicely explained all the concepts.",
          "userPhotoUrl":"bhim.png"
        },
        {
          "name": "Bhim",
          "timestamp": "22-10-2014",
          "comment": "Truly nice Tutorials for AngularJS beginners and experts. Very nicely explained all the concepts.",
          "userPhotoUrl":"user.png"
        }
      ]
    }
  ],
  "gallaryVideos": [
    {
      "videoURL": "5",
      "posterImageURL": "5.jpg"
    },
    {
      "videoURL": "6",
      "posterImageURL": "6.jpg"
    },
    {
      "videoURL": "7",
      "posterImageURL": "7.jpg"
    },
    {
      "videoURL": "8",
      "posterImageURL": "8.jpg"
    },
    {
      "videoURL": "10",
      "posterImageURL": "10.jpg"
    },
    {
      "videoURL": "11",
      "posterImageURL": "11.jpg"
    },
    {
      "videoURL": "12",
      "posterImageURL": "12.jpg"
    },
    {
      "videoURL": "13",
      "posterImageURL": "13.jpg"
    },
    {
      "videoURL": "14",
      "posterImageURL": "14.jpg"
    }
  ]
}
